school,sex,age,address,famsize,Pstatus,Medu,Fedu,traveltime,studytime,failures,schoolsup,famsup,paid,activities,nursery,higher,internet,romantic,famrel,freetime,goout,Dalc,Walc,health,absences,Mjob_health,Mjob_other,Mjob_services,Mjob_teacher,Fjob_health,Fjob_other,Fjob_services,Fjob_teacher,reason_home,reason_other,reason_reputation,guardian_mother,guardian_other,pass
1,1,15,1,1,1,3,2,1,2,3,0,1,0,0,1,1,1,0,3,3,2,1,1,3,0,True,False,False,False,False,False,True,False,True,False,False,False,False,0
1,1,19,1,0,1,1,1,1,2,1,1,1,0,1,0,1,1,0,4,4,3,1,3,3,18,False,False,False,False,False,True,False,False,False,False,True,False,True,1
1,0,16,1,1,1,3,3,1,3,0,0,1,0,1,1,1,1,0,5,3,3,1,1,5,2,False,False,True,False,False,True,False,False,True,False,False,False,False,1
1,1,16,1,1,1,2,3,1,2,0,1,1,1,1,1,1,0,0,4,4,3,1,3,4,6,False,True,False,False,False,True,False,False,False,False,True,True,False,1
1,0,15,1,1,0,3,4,1,2,0,0,1,1,1,1,1,1,0,5,4,4,1,1,1,0,False,False,True,False,False,True,False,False,False,False,False,True,False,1
1,1,18,0,1,1,2,2,2,4,0,0,0,0,1,1,1,0,0,4,4,4,1,1,4,0,False,False,False,False,False,True,False,False,False,False,False,True,False,0
1,0,17,1,1,1,1,3,1,1,0,0,0,0,0,1,0,1,0,5,3,3,1,4,2,2,False,False,False,False,False,False,True,False,False,False,False,False,False,1
0,0,18,0,1,1,4,2,2,1,1,0,0,1,0,1,1,0,0,5,4,3,4,3,3,14,False,True,False,False,False,True,False,False,True,False,False,False,False,0
1,1,18,1,1,1,4,4,1,2,1,1,1,0,1,1,1,1,1,2,4,4,1,1,4,15,True,False,False,False,True,False,False,False,False,False,True,False,False,0
1,0,18,1,1,1,4,4,1,2,1,0,1,0,1,1,1,1,0,4,3,3,2,2,2,0,False,False,False,True,False,False,True,False,True,False,False,False,False,0
1,1,19,1,1,1,4,4,2,2,0,0,1,1,1,1,1,1,0,2,3,4,2,3,2,0,True,False,False,False,False,True,False,False,False,False,True,False,True,0
1,0,18,0,1,1,3,2,1,3,0,0,0,0,1,0,1,0,0,5,3,2,1,1,3,1,False,True,False,False,False,True,False,False,False,False,False,True,False,1
1,1,16,1,1,1,2,1,1,2,0,0,1,1,0,1,1,0,1,4,3,5,1,1,5,2,False,True,False,False,False,True,False,False,False,False,False,True,False,1
1,1,17,0,1,1,2,1,2,2,0,0,1,0,1,1,1,1,0,4,2,5,1,2,5,2,False,False,False,False,False,False,True,False,False,False,True,True,False,0
1,0,18,1,0,1,4,3,2,1,0,0,0,1,1,1,1,1,0,4,2,3,1,2,1,8,False,False,False,True,False,False,True,False,False,False,False,True,False,1
1,0,17,1,1,1,3,1,1,2,0,0,0,1,1,1,1,1,1,5,4,4,3,4,5,2,False,False,True,False,False,True,False,False,False,True,False,True,False,1
0,0,17,1,1,1,3,3,2,2,0,0,1,1,0,1,1,1,0,4,5,4,2,3,3,2,True,False,False,False,False,True,False,False,False,False,False,True,False,1
1,1,15,0,1,1,2,4,1,3,0,1,1,1,1,1,1,1,0,4,3,2,1,1,5,2,False,False,True,False,True,False,False,False,False,False,False,True,False,0
1,1,15,1,1,1,2,1,3,3,0,0,1,0,1,1,1,1,0,5,2,2,1,1,4,4,False,False,True,False,False,True,False,False,False,False,True,False,False,1
1,1,17,1,0,1,3,2,2,2,0,0,0,1,0,1,1,1,0,4,4,4,1,3,1,2,False,True,False,False,False,True,False,False,False,False,True,True,False,1
1,0,16,1,0,1,2,2,2,2,0,0,1,0,1,1,1,1,0,5,4,4,2,4,5,0,False,True,False,False,False,True,False,False,False,False,True,True,False,1
1,1,18,1,1,1,2,3,1,3,0,0,1,0,0,1,1,1,0,4,3,3,1,2,3,4,False,False,False,False,False,True,False,False,False,False,False,True,False,1
1,0,16,1,1,1,3,1,2,4,0,0,1,1,0,1,1,1,0,4,3,2,1,1,5,0,False,True,False,False,False,True,False,False,False,False,True,False,False,1
1,1,17,1,0,1,2,2,2,2,0,1,1,1,0,1,1,1,1,4,4,4,2,3,5,6,False,False,True,False,False,True,False,False,False,False,False,True,False,1
1,0,18,1,1,1,4,2,1,2,0,0,1,1,1,1,1,1,1,4,3,2,1,4,5,11,False,False,False,True,False,True,False,False,True,False,False,True,False,1
1,0,17,1,1,1,4,3,1,2,0,0,1,0,1,1,1,1,1,5,2,3,1,1,2,4,False,True,False,False,False,True,False,False,False,False,False,True,False,1
1,1,17,1,1,1,1,1,1,2,0,0,0,0,1,1,1,1,0,5,3,3,1,1,3,0,False,False,False,False,False,False,True,False,False,False,False,True,False,0
0,1,18,0,0,1,4,4,1,2,0,0,0,1,1,1,1,1,0,5,4,3,3,4,2,4,False,False,False,True,False,False,True,False,False,False,False,True,False,1
1,1,15,1,1,1,4,4,2,2,2,0,0,1,0,1,1,1,1,4,4,4,2,3,5,6,False,False,True,False,False,False,True,False,False,False,True,False,False,0
1,0,18,1,0,1,1,1,1,1,3,0,0,0,0,1,0,1,1,2,3,5,2,5,4,0,False,True,False,False,False,True,False,False,False,False,False,True,False,0
1,0,17,1,1,1,4,4,1,2,0,1,1,0,1,1,1,1,1,4,5,5,1,3,2,14,False,False,False,True,False,False,False,True,False,False,True,True,False,0
1,0,19,1,1,1,3,2,1,1,3,0,1,0,0,1,0,1,1,4,5,4,1,1,4,0,False,False,True,False,False,False,False,False,True,False,False,True,False,0
1,0,15,1,1,1,4,2,1,1,0,0,0,1,0,1,1,1,0,2,2,4,2,4,1,4,True,False,False,False,False,False,True,False,False,True,False,True,False,1
1,0,15,1,1,1,3,4,1,1,0,1,0,0,0,1,1,1,0,5,5,5,3,2,5,0,False,False,True,False,False,False,True,False,True,False,False,False,False,1
1,1,17,1,0,1,0,2,2,3,0,0,0,0,0,1,1,1,0,3,3,3,2,3,2,0,False,False,False,False,False,False,False,False,True,False,False,False,False,1
1,1,16,1,0,1,1,2,1,2,0,1,0,0,1,1,1,1,0,4,4,3,1,1,1,4,False,True,False,False,False,False,True,False,False,False,True,False,False,0
1,1,15,1,1,1,4,3,1,1,0,0,0,1,1,1,1,1,0,4,5,5,1,3,1,4,False,False,True,False,False,True,False,False,False,False,True,True,False,1
1,0,16,1,0,1,2,1,1,1,1,0,0,0,1,1,1,0,1,4,4,4,3,5,5,6,False,False,False,False,False,True,False,False,False,False,False,True,False,1
1,1,16,1,0,1,2,4,2,2,0,0,1,1,1,1,1,1,1,4,2,2,1,2,5,2,False,True,False,False,True,False,False,False,False,False,False,False,False,1
1,1,16,1,1,1,4,4,1,1,0,0,1,0,0,1,1,1,0,4,4,4,1,2,2,4,True,False,False,False,False,True,False,False,True,False,False,True,False,1
1,0,17,0,0,0,4,4,2,2,0,0,1,1,0,1,1,1,0,3,3,3,2,3,4,2,False,False,False,True,False,True,False,False,False,False,False,True,False,1
0,0,18,0,0,1,1,1,2,2,1,0,0,0,1,0,0,0,0,4,4,3,2,3,5,2,False,False,False,False,False,True,False,False,False,True,False,True,False,1
1,1,19,0,1,0,3,1,1,3,1,0,0,1,0,1,1,0,0,5,4,3,1,2,5,12,False,False,True,False,False,False,False,False,True,False,False,False,True,1
1,1,17,1,1,1,4,2,2,3,0,0,1,1,0,1,1,1,0,4,3,3,1,1,3,0,False,True,False,False,False,True,False,False,False,False,True,True,False,1
1,0,17,1,1,1,1,2,2,2,0,0,0,1,1,0,1,1,0,4,4,4,4,5,5,12,False,False,False,False,False,False,True,False,False,True,False,False,True,0
1,1,16,1,1,1,3,2,1,2,0,0,1,1,0,1,1,1,0,1,2,2,1,2,1,14,False,True,False,False,False,True,False,False,False,False,True,True,False,1
1,0,15,1,1,1,3,4,1,2,0,0,1,1,1,1,1,1,0,5,5,1,1,1,5,0,False,True,False,False,False,True,False,False,True,False,False,True,False,1
0,1,18,1,1,1,3,3,1,2,0,0,0,1,0,1,1,1,1,4,1,3,1,2,1,0,False,True,False,False,False,True,False,False,True,False,False,True,False,1
1,0,16,1,1,1,1,0,2,2,0,0,1,1,1,1,1,1,1,4,3,2,1,1,3,2,False,True,False,False,False,True,False,False,False,False,True,True,False,1
1,0,16,1,0,1,4,3,1,2,0,0,1,1,1,1,1,1,0,5,4,2,1,2,5,10,False,False,True,False,False,True,False,False,False,False,True,True,False,1
1,1,17,1,0,1,2,2,1,1,0,0,1,0,0,1,1,1,1,3,4,4,1,3,5,12,False,True,False,False,False,True,False,False,False,False,False,False,False,1
1,0,15,1,0,0,2,1,4,1,3,0,0,0,0,1,1,1,0,4,5,5,2,5,5,0,False,False,True,False,False,True,False,False,False,False,False,True,False,1
1,0,18,1,0,1,3,3,1,2,1,0,1,1,0,1,1,1,0,3,2,4,2,4,4,13,False,False,True,False,True,False,False,False,True,False,False,False,False,0
1,0,16,1,1,1,4,4,1,1,0,1,1,1,1,1,1,1,0,4,5,5,5,5,4,14,False,False,True,False,False,False,True,False,False,True,False,True,False,0
1,1,15,1,1,1,2,3,2,1,0,0,1,0,1,1,1,0,0,3,5,1,1,1,5,0,False,True,False,False,False,True,False,False,False,True,False,False,False,0
1,0,18,1,1,1,2,1,1,3,0,0,0,1,1,1,1,1,0,4,2,4,1,3,2,6,False,False,True,False,False,False,True,False,False,False,True,True,False,1
1,1,16,1,1,1,3,3,1,3,0,0,1,1,0,1,1,1,1,4,3,3,1,3,4,0,False,True,False,False,False,True,False,False,True,False,False,True,False,0
1,0,15,1,1,1,4,4,1,1,0,0,1,0,1,0,1,1,0,5,3,3,1,1,5,4,False,False,True,False,False,True,False,False,False,False,False,True,False,1
1,0,16,1,1,1,3,3,3,2,0,1,1,0,0,0,1,1,0,5,3,3,1,3,2,6,False,False,False,False,False,True,False,False,False,False,True,False,True,1
1,1,17,1,1,1,4,3,1,2,2,0,0,1,0,1,1,1,1,3,4,5,2,4,1,22,False,True,False,False,False,True,False,False,False,False,True,True,False,0
1,1,15,0,0,1,2,2,2,2,0,1,1,1,0,1,1,1,0,4,1,3,1,3,4,2,True,False,False,False,False,False,True,False,False,False,True,True,False,0
1,0,16,1,1,1,3,1,1,1,0,0,0,0,1,1,1,0,0,5,3,2,2,2,5,2,False,True,False,False,False,True,False,False,False,False,True,True,False,1
1,0,18,1,0,1,3,4,1,2,0,0,0,0,1,1,1,1,1,4,3,3,1,3,5,11,False,False,True,False,False,True,False,False,True,False,False,True,False,1
0,0,18,1,0,1,1,1,2,1,0,0,0,0,0,0,1,1,1,3,3,2,1,2,3,4,False,True,False,False,False,False,True,False,True,False,False,False,False,1
1,1,16,1,1,1,4,3,1,3,0,1,1,1,1,1,1,1,0,3,4,4,2,4,4,2,False,False,False,True,True,False,False,False,True,False,False,True,False,0
1,0,16,1,1,1,3,3,1,2,1,0,1,1,0,1,1,1,1,4,5,5,4,4,5,4,False,True,False,False,False,False,True,False,False,False,False,False,False,1
1,1,18,1,1,1,2,1,2,3,0,0,1,1,0,0,1,1,1,4,4,4,1,1,3,0,False,True,False,False,False,True,False,False,False,False,False,False,True,0
1,0,15,1,1,1,4,2,1,2,0,0,1,1,0,1,1,0,0,4,3,3,2,2,5,2,False,False,False,True,False,True,False,False,True,False,False,True,False,1
1,1,16,1,1,0,2,2,1,2,0,1,1,1,0,1,1,1,0,3,3,4,1,1,4,0,False,True,False,False,False,True,False,False,False,False,True,True,False,1
1,0,17,1,1,1,3,2,1,1,3,0,1,0,1,1,1,1,0,5,5,5,2,4,5,16,False,False,True,False,False,False,True,False,False,False,False,True,False,0
0,1,17,1,0,0,3,2,2,2,0,0,0,0,0,1,1,0,1,1,2,3,1,2,5,2,False,False,True,False,False,True,False,False,False,False,True,True,False,1
1,1,15,0,1,1,3,4,1,3,0,1,1,1,1,1,1,1,0,4,3,2,1,1,5,2,False,False,True,False,True,False,False,False,False,False,False,True,False,1
1,1,16,1,1,0,3,1,1,2,3,0,1,1,0,1,1,1,0,2,3,3,2,2,4,5,False,False,True,False,False,True,False,False,False,False,False,True,False,0
1,1,16,1,1,1,2,2,1,1,2,0,1,1,0,0,1,1,0,1,2,2,1,3,5,14,False,False,True,False,False,False,True,False,True,False,False,True,False,0
1,1,15,1,0,1,4,2,1,2,0,0,1,1,0,1,1,1,0,4,3,3,1,1,5,2,True,False,False,False,False,True,False,False,False,True,False,True,False,1
1,0,18,1,1,1,2,2,1,2,1,0,1,1,1,1,1,1,0,4,4,4,2,4,5,15,False,False,True,False,False,True,False,False,True,False,False,True,False,0
1,0,16,1,1,1,4,4,1,2,0,0,1,1,1,1,1,1,0,4,2,4,2,4,1,2,True,False,False,False,False,True,False,False,False,False,True,False,False,1
1,0,16,1,1,1,3,3,1,2,0,0,0,1,1,1,1,1,1,4,2,3,1,2,3,2,False,False,True,False,False,True,False,False,True,False,False,True,False,1
1,0,17,0,1,1,2,2,4,1,0,0,1,0,0,1,1,1,0,4,4,5,5,5,4,8,False,False,True,False,False,True,False,False,False,False,False,True,False,1
1,1,18,1,1,1,4,4,1,2,0,0,1,1,0,1,1,1,0,4,4,4,3,3,5,2,False,False,False,True,False,True,False,False,False,False,False,True,False,1
0,1,18,1,1,1,1,1,2,2,1,0,0,0,1,1,1,0,0,1,1,1,1,1,5,0,False,True,False,False,False,True,False,False,False,False,False,True,False,0
1,1,18,0,1,1,4,4,2,2,0,0,0,1,1,1,1,1,0,4,3,4,2,2,4,8,False,False,False,True,False,True,False,False,False,False,True,True,False,1
1,1,16,1,1,1,2,2,1,2,1,1,0,0,1,1,1,1,0,3,1,2,1,1,5,6,False,False,False,False,False,True,False,False,True,False,False,True,False,1
1,0,17,1,1,1,1,1,1,2,0,0,0,1,0,0,1,1,0,4,3,3,1,2,4,2,False,True,False,False,False,True,False,False,False,False,True,False,False,1
1,1,16,1,0,1,3,3,2,2,0,0,1,1,1,1,1,1,0,4,4,5,1,1,4,4,False,True,False,False,False,True,False,False,False,False,True,True,False,0
1,0,18,0,0,1,3,2,2,3,0,0,1,1,1,1,1,1,0,5,4,2,1,1,4,8,False,False,True,False,False,True,False,False,False,False,True,True,False,1
1,1,18,1,1,1,2,1,2,2,0,0,1,1,1,1,1,1,0,5,3,3,1,2,1,0,False,False,True,False,False,True,False,False,False,False,False,True,False,0
1,0,18,1,1,1,2,2,1,2,1,0,0,0,0,1,0,1,0,5,5,4,3,5,2,0,False,True,False,False,False,False,True,False,False,False,True,False,False,0
1,1,16,1,0,1,2,2,2,2,1,1,0,0,1,1,1,1,0,4,3,3,2,2,5,14,False,True,False,False,False,False,False,False,False,False,False,False,False,0
1,0,22,1,1,1,3,1,1,1,3,0,0,0,0,0,0,1,1,5,4,5,5,5,1,16,False,False,True,False,False,False,True,False,False,True,False,True,False,0
1,0,15,1,1,1,4,4,1,2,0,0,1,1,0,0,1,1,0,5,4,2,3,4,5,0,True,False,False,False,False,False,True,False,True,False,False,True,False,1
1,0,17,0,1,1,2,1,1,1,0,0,0,0,0,0,1,1,0,4,4,2,2,4,5,0,False,True,False,False,False,True,False,False,False,False,False,True,False,1
1,0,15,0,1,1,3,4,4,2,0,0,1,0,0,1,1,0,1,5,3,3,1,1,5,0,False,False,False,False,False,False,False,True,False,False,False,True,False,0
1,1,15,1,1,1,4,4,1,3,0,0,1,1,1,1,1,1,0,4,2,2,1,1,5,2,False,False,False,True,False,False,True,False,False,False,False,True,False,1
1,1,16,1,0,1,4,4,1,3,0,0,1,1,1,1,1,1,1,5,4,5,1,1,4,4,True,False,False,False,True,False,False,False,False,True,False,True,False,1
0,1,18,0,1,1,2,2,2,3,0,0,0,1,0,1,1,0,0,5,3,3,1,3,4,2,False,False,False,False,False,True,False,False,False,True,False,True,False,1
1,0,15,1,1,1,4,3,2,4,0,1,1,0,0,1,1,1,0,2,2,2,1,1,3,0,False,False,False,True,False,False,True,False,False,False,False,False,False,0
1,0,17,1,1,1,3,3,1,1,0,0,1,1,0,1,1,1,0,4,4,3,1,3,5,4,True,False,False,False,False,True,False,False,True,False,False,True,False,1
1,0,20,1,1,0,3,2,1,1,0,0,0,0,1,1,1,0,0,5,5,3,1,1,5,0,False,False,True,False,False,True,False,False,False,False,False,False,True,1
1,1,18,1,1,1,4,3,1,4,0,0,1,1,0,1,1,1,0,4,3,3,1,1,3,0,False,True,False,False,False,True,False,False,False,False,True,False,False,1
1,0,15,1,0,0,4,4,1,1,0,0,0,0,1,1,1,1,0,5,5,3,1,1,4,6,False,False,False,True,False,False,False,True,False,False,False,True,False,1
1,0,19,1,1,1,3,3,1,2,1,0,1,0,1,1,1,1,1,4,4,4,1,1,3,20,False,True,False,False,False,True,False,False,True,False,False,False,True,1
1,1,15,1,1,1,4,4,1,3,0,0,1,0,1,1,1,1,1,4,3,3,1,1,5,0,False,False,True,False,False,False,False,False,False,False,False,True,False,0
1,1,18,1,1,0,4,4,2,2,0,1,0,0,0,1,1,0,0,4,3,4,1,1,3,6,False,False,False,False,False,False,False,True,False,False,False,True,False,0
1,0,17,0,0,1,1,2,1,1,0,0,0,0,0,1,1,0,0,2,2,2,3,3,5,8,False,True,False,False,False,True,False,False,False,False,True,True,False,1
1,1,17,1,1,1,4,4,1,1,0,1,1,0,0,1,1,0,1,4,2,1,1,1,4,0,False,True,False,False,False,False,False,True,False,False,False,True,False,1
1,0,16,1,1,1,0,2,1,1,0,0,0,1,0,0,1,1,0,4,3,2,2,4,5,0,False,True,False,False,False,True,False,False,False,True,False,True,False,1
1,0,17,0,1,1,1,2,1,2,0,0,1,1,1,0,1,0,1,3,5,2,2,2,1,2,False,False,False,False,False,False,False,False,True,False,False,True,False,1
1,0,16,1,1,1,2,2,2,2,1,0,0,1,1,0,1,1,0,4,4,2,1,1,3,12,False,False,True,False,False,True,False,False,False,False,True,False,False,1
1,1,16,1,1,1,4,2,2,2,0,0,1,1,1,1,1,1,0,5,3,3,1,1,1,0,False,False,False,True,False,False,True,False,True,False,False,True,False,1
1,1,15,1,1,1,4,2,1,3,0,0,1,0,1,1,1,1,0,5,3,3,1,3,1,4,False,True,False,False,False,True,False,False,False,False,True,True,False,1
1,1,17,1,1,1,3,3,1,3,0,0,0,0,1,0,1,0,0,3,2,3,1,1,4,4,False,True,False,False,False,True,False,False,True,False,False,True,False,0
1,0,15,1,1,1,2,2,1,1,0,0,1,1,0,1,1,1,0,4,2,2,1,2,5,2,False,True,False,False,False,True,False,False,True,False,False,True,False,1
1,0,17,1,0,1,2,3,1,2,0,0,1,1,0,0,1,1,0,5,3,3,1,3,3,2,False,False,True,False,False,False,True,False,False,False,True,False,False,1
1,1,16,1,1,1,3,3,3,2,0,1,1,0,1,1,1,0,0,5,3,2,1,1,4,4,False,True,False,False,False,True,False,False,False,False,True,True,False,1
1,1,18,1,1,1,4,3,1,2,0,0,1,1,0,1,1,1,1,3,1,2,1,3,2,21,False,False,True,False,False,True,False,False,True,False,False,False,False,1
1,0,15,1,1,1,4,4,1,1,0,0,1,1,0,1,1,1,0,5,4,2,1,1,5,0,True,False,False,False,True,False,False,False,False,True,False,False,False,1
1,0,16,1,1,1,4,3,1,4,0,0,0,0,1,1,1,1,0,4,2,2,1,1,2,4,True,False,False,False,False,False,True,False,False,False,True,True,False,1
1,0,18,1,0,0,4,4,1,2,0,0,1,1,1,1,1,1,0,5,4,3,1,1,2,9,False,False,False,True,False,False,False,True,False,False,True,True,False,1
0,0,18,1,0,1,1,3,1,1,1,0,0,0,0,1,0,1,1,4,3,3,2,3,3,7,False,False,False,False,False,False,True,False,False,False,False,True,False,0
1,1,18,1,0,1,1,1,2,2,0,0,1,1,0,0,1,0,0,4,4,3,1,1,3,2,False,True,False,False,False,True,False,False,True,False,False,True,False,1
1,0,15,1,1,1,4,3,2,2,0,0,1,1,0,1,1,1,0,5,4,3,1,2,3,2,False,False,False,True,False,True,False,False,False,False,False,True,False,1
1,1,15,1,1,1,4,2,1,3,0,0,1,1,1,1,1,1,1,3,2,2,1,1,5,2,True,False,False,False,False,False,True,False,True,False,False,True,False,1
1,1,17,0,1,1,4,3,2,3,0,0,1,1,1,1,1,1,1,4,4,2,1,1,4,6,False,False,False,True,False,True,False,False,False,False,True,True,False,0
0,1,18,0,0,0,1,4,3,2,0,0,0,0,0,1,1,0,1,4,3,4,1,4,5,0,False,False,False,False,False,True,False,False,False,False,False,True,False,1
1,1,15,1,1,1,1,1,3,1,0,0,1,0,1,0,1,1,1,4,3,3,1,2,4,0,False,False,False,False,False,True,False,False,False,False,False,True,False,0
1,0,16,1,0,0,3,4,1,2,0,1,1,0,1,1,1,1,0,5,3,3,1,1,5,4,False,False,True,False,False,True,False,False,True,False,False,True,False,1
1,0,18,1,1,1,4,4,2,1,0,0,0,1,1,1,1,1,0,3,2,4,1,4,3,22,False,False,False,True,False,False,True,False,True,False,False,True,False,0
0,0,18,1,1,1,4,4,1,2,0,0,0,1,1,0,1,1,0,3,2,4,1,4,2,4,False,False,False,True,False,False,False,True,True,False,False,False,False,1
1,1,15,1,0,1,3,2,1,2,0,0,1,1,0,1,1,1,0,4,4,4,1,1,5,10,False,False,True,False,False,True,False,False,False,False,True,True,False,0
1,0,15,1,1,0,2,2,1,3,0,0,1,0,0,1,1,1,1,4,5,2,1,1,3,0,False,True,False,False,False,True,False,False,True,False,False,False,True,1
1,1,16,1,1,1,3,4,1,2,0,0,1,0,0,1,1,1,0,2,4,3,1,2,3,12,False,False,False,False,False,True,False,False,False,False,False,True,False,0
1,1,17,1,1,1,2,4,2,2,0,0,1,1,0,1,1,1,1,4,3,3,1,1,1,2,False,False,False,False,True,False,False,False,False,False,True,True,False,1
1,1,15,0,1,1,2,2,1,1,0,1,1,1,1,1,1,0,0,4,3,1,1,1,2,8,False,False,False,False,False,True,False,False,False,False,True,True,False,1
1,1,19,1,0,1,3,2,2,2,1,0,1,1,0,0,1,1,1,4,2,2,1,2,1,22,False,False,True,False,False,True,False,False,False,False,True,False,True,1
1,0,15,1,1,1,4,2,1,4,0,0,0,0,0,1,1,1,0,3,3,3,1,1,3,0,False,True,False,False,False,True,False,False,False,False,False,True,False,1
0,1,18,0,1,1,4,4,3,2,0,0,1,1,0,0,1,1,1,3,2,2,4,2,5,10,False,True,False,False,False,False,False,True,False,True,False,False,False,1
1,0,16,1,1,1,4,4,1,1,0,0,1,0,1,1,1,1,0,3,4,4,1,4,5,18,True,False,False,False,False,True,False,False,False,False,False,True,False,1
1,0,16,1,1,1,3,2,2,3,0,0,0,0,1,1,1,1,1,5,3,3,1,3,2,10,False,False,False,False,False,True,False,False,False,False,True,True,False,1
1,0,15,1,1,0,4,4,1,4,0,0,1,0,1,0,1,1,1,1,3,3,5,5,3,4,False,True,False,False,False,False,True,False,False,False,True,True,False,1
1,0,15,1,1,1,4,0,2,4,0,0,0,0,1,1,1,1,0,3,4,3,1,1,1,8,False,False,False,True,False,True,False,False,False,False,False,True,False,1
1,0,18,1,1,1,4,3,1,3,0,0,1,1,0,1,1,1,1,5,4,5,2,3,5,0,False,False,False,True,False,True,False,False,False,False,False,True,False,0
1,1,19,1,1,1,3,3,1,4,0,0,1,1,1,1,1,1,0,4,3,3,1,2,3,10,False,True,False,False,False,True,False,False,False,False,True,False,True,0
1,0,17,1,0,1,4,3,2,2,0,0,0,0,1,1,1,1,1,2,5,5,1,4,5,14,True,False,False,False,False,True,False,False,False,False,False,True,False,1
0,1,19,0,1,1,2,3,1,3,1,0,0,0,1,0,1,1,0,5,4,2,1,2,5,0,False,False,True,False,False,True,False,False,False,False,False,True,False,0
1,1,16,1,1,1,1,1,4,1,0,1,1,0,1,0,1,1,1,5,5,5,5,5,5,6,False,False,True,False,False,False,True,False,False,False,False,False,False,1
1,0,15,1,1,1,4,4,1,2,0,0,1,0,1,1,1,0,0,3,2,2,1,1,5,4,False,False,False,True,True,False,False,False,False,False,True,True,False,1
1,1,15,1,1,0,4,3,1,2,0,0,1,1,1,1,1,1,0,4,3,2,1,1,1,0,False,False,True,False,False,False,True,False,False,False,True,True,False,1
1,1,16,1,0,1,2,2,2,2,1,0,1,0,1,0,1,1,1,3,3,3,1,2,3,25,False,True,False,False,False,True,False,False,True,False,False,True,False,1
1,1,16,1,1,1,2,2,1,2,0,0,0,1,0,1,1,1,1,5,4,4,1,1,5,0,False,True,False,False,False,True,False,False,True,False,False,True,False,0
1,0,17,1,0,0,4,1,2,1,0,0,0,1,1,1,1,1,1,4,5,4,2,4,5,30,False,False,True,False,False,True,False,False,True,False,False,True,False,0
1,1,15,1,1,1,4,4,1,2,0,0,1,1,0,1,1,1,0,3,3,3,1,2,2,0,False,False,False,True,True,False,False,False,False,False,True,True,False,0
1,0,16,0,1,1,2,1,2,1,0,0,0,0,1,0,1,0,0,3,3,2,1,3,3,0,False,True,False,False,False,True,False,False,False,False,False,True,False,0
1,0,16,1,1,1,4,4,1,1,0,0,1,0,0,1,0,1,1,3,3,2,2,1,5,0,False,False,False,True,False,False,False,True,False,False,False,True,False,0
1,1,15,1,1,1,2,2,1,4,0,1,1,1,0,1,1,1,0,5,1,2,1,1,3,8,False,True,False,False,False,True,False,False,False,False,False,True,False,0
1,0,18,1,1,1,4,2,1,2,0,0,1,1,1,1,1,1,1,5,4,5,1,3,5,10,True,False,False,False,False,True,False,False,False,False,True,False,False,1
1,0,16,1,1,1,4,4,1,2,0,0,1,0,1,1,1,1,0,5,4,4,1,2,5,2,False,False,False,True,False,False,False,True,False,False,False,False,False,1
0,1,17,0,1,1,1,2,2,2,0,0,0,0,0,0,1,0,0,3,2,2,1,2,3,0,False,True,False,False,False,False,True,False,False,False,False,False,False,1
1,0,17,0,1,1,2,2,2,2,0,0,1,1,1,1,1,1,0,4,5,2,1,1,1,4,False,True,False,False,False,True,False,False,False,False,False,False,False,1
1,1,17,1,1,1,4,3,1,3,0,0,1,1,1,1,1,1,1,4,4,3,1,3,4,0,True,False,False,False,False,True,False,False,False,False,True,True,False,1
1,0,17,0,0,1,1,1,4,2,3,0,0,0,1,1,0,0,1,5,3,5,1,5,5,0,False,True,False,False,False,False,True,False,False,False,False,True,False,0
1,1,18,1,0,0,4,4,1,2,0,0,1,0,0,1,1,1,1,4,2,4,1,1,4,14,True,False,False,False,False,True,False,False,True,False,False,True,False,1
1,0,15,1,1,1,2,3,1,3,0,1,0,1,0,0,1,1,0,5,3,2,1,2,5,4,False,True,False,False,False,True,False,False,True,False,False,True,False,1
1,0,16,1,0,1,2,2,2,1,2,0,1,0,1,1,1,1,0,2,3,3,2,2,2,8,False,False,True,False,False,False,True,False,False,False,True,False,False,0
1,0,18,1,1,1,3,2,2,1,1,0,0,0,0,1,0,1,0,4,4,5,2,4,5,0,False,False,True,False,False,True,False,False,False,False,False,True,False,0
1,0,15,1,0,1,1,2,1,2,0,1,1,0,1,1,1,1,0,4,3,2,1,1,5,2,False,True,False,False,False,False,False,False,True,False,False,False,False,0
1,1,17,1,1,1,3,1,1,3,0,0,1,0,0,0,1,1,0,3,4,3,2,3,5,1,False,False,True,False,False,False,True,False,False,False,False,False,False,1
1,1,19,1,1,1,0,1,1,2,3,0,1,0,0,0,0,0,0,3,4,2,1,1,5,2,False,False,False,False,False,True,False,False,False,False,False,False,True,0
1,1,18,1,0,1,2,1,1,2,1,0,0,0,0,1,1,1,1,5,4,3,1,1,5,12,False,False,True,False,False,False,False,False,False,False,True,True,False,1
1,0,15,1,0,1,4,4,1,1,0,0,1,1,1,1,1,1,0,4,3,3,1,3,5,2,True,False,False,False,False,False,True,False,False,False,False,False,False,1
1,1,17,1,1,1,4,4,2,1,1,0,1,0,0,1,1,1,0,4,2,4,2,3,2,24,False,False,True,False,False,False,False,True,True,False,False,True,False,1
1,1,15,1,1,1,1,1,1,2,0,0,1,1,0,1,1,1,0,4,4,2,1,2,5,0,False,True,False,False,False,False,True,False,False,False,False,False,False,1
1,1,15,1,1,1,1,2,1,2,0,0,0,0,0,0,1,1,0,3,2,3,1,2,1,2,False,False,False,False,False,False,True,False,False,False,False,True,False,1
1,1,15,1,1,1,1,2,1,2,0,0,1,1,0,0,1,1,0,4,3,2,1,1,5,2,False,False,False,False,False,True,False,False,False,False,False,True,False,1
1,1,18,0,1,1,1,1,3,1,3,0,1,0,1,0,1,0,0,5,2,5,1,5,4,6,False,False,False,False,False,True,False,False,False,False,False,True,False,1
1,1,16,0,1,1,2,2,2,4,0,0,1,1,1,0,1,1,0,5,3,5,1,1,5,6,False,False,True,False,False,False,True,False,False,False,True,True,False,1
1,1,15,1,1,1,3,2,2,2,0,1,1,1,0,1,1,1,0,4,3,5,1,1,2,26,False,False,True,False,False,True,False,False,True,False,False,True,False,0
1,1,16,1,1,1,4,2,1,2,0,0,1,0,0,1,1,1,0,4,2,3,1,1,5,2,False,False,True,False,False,True,False,False,False,False,False,True,False,1
1,0,17,1,1,1,3,3,1,2,0,0,1,0,1,1,1,1,1,4,3,4,2,3,4,12,False,False,True,False,False,False,True,False,False,True,False,True,False,1
1,1,16,1,1,1,2,2,1,2,0,0,1,1,0,0,1,1,0,5,1,5,1,1,4,0,False,True,False,False,False,True,False,False,True,False,False,True,False,0
1,0,18,1,0,1,4,4,1,1,0,0,1,1,0,1,1,1,1,1,4,2,2,2,1,5,False,False,False,True,False,False,False,True,True,False,False,True,False,1
1,0,16,1,0,1,1,1,2,2,0,0,1,1,0,1,1,1,0,3,4,2,1,1,5,18,False,True,False,False,False,True,False,False,True,False,False,True,False,0
0,1,17,0,1,1,1,2,1,1,0,0,0,0,1,1,1,1,0,3,5,5,1,3,1,14,False,True,False,False,False,True,False,False,False,False,False,True,False,0
1,1,16,1,1,1,4,2,1,2,0,0,0,1,0,1,1,1,1,4,2,3,1,1,3,0,True,False,False,False,False,False,True,False,True,False,False,False,False,1
1,0,16,1,1,1,3,3,2,1,0,0,0,0,1,1,1,1,0,5,4,2,1,1,5,0,False,True,False,False,False,False,True,False,True,False,False,False,False,1
1,0,17,1,0,1,4,4,1,2,0,0,1,1,0,1,1,1,1,5,3,5,4,5,3,13,False,False,True,False,False,True,False,False,True,False,False,True,False,1
1,0,16,0,1,1,4,4,1,1,0,0,0,1,1,1,1,1,0,3,5,5,2,5,4,8,False,False,False,True,False,False,False,True,False,False,False,True,False,1
1,1,15,0,1,1,1,1,2,4,1,1,1,1,1,1,1,1,0,3,1,2,1,1,1,2,False,False,False,False,False,True,False,False,True,False,False,True,False,1
1,0,17,0,0,1,2,1,2,1,2,0,0,0,1,1,0,1,1,3,3,2,2,2,5,0,False,False,False,False,False,True,False,False,False,False,False,True,False,0
0,1,17,0,1,1,3,1,1,2,0,0,1,1,1,0,1,1,0,4,5,4,2,3,1,17,False,False,False,False,False,True,False,False,False,False,True,True,False,1
1,0,15,0,1,1,2,3,1,2,0,1,0,1,1,1,1,0,0,4,4,4,1,1,1,2,False,False,False,False,False,False,True,False,False,False,False,True,False,0
0,0,17,1,0,1,3,1,2,1,0,0,0,0,0,0,1,1,0,2,4,5,3,4,2,3,False,False,True,False,False,False,True,False,False,False,False,True,False,1
0,1,18,1,1,1,3,3,2,2,0,0,1,0,0,1,1,1,1,4,3,2,1,3,3,0,False,False,True,False,False,False,True,False,False,True,False,True,False,1
1,1,15,1,1,0,3,3,1,4,0,1,0,0,0,1,1,0,0,4,3,3,1,1,4,10,False,True,False,False,True,False,False,False,False,False,True,False,False,1
1,1,16,1,1,0,3,3,2,1,2,0,1,0,1,0,1,1,1,4,3,2,1,1,5,0,False,True,False,False,False,True,False,False,False,False,False,False,True,0
1,1,19,1,1,1,2,1,3,2,0,0,1,0,0,1,0,1,1,3,4,1,1,1,2,20,False,False,False,False,False,True,False,False,False,True,False,False,True,1
1,0,15,1,0,1,4,4,1,1,0,0,1,0,0,0,1,1,1,5,4,3,2,4,5,8,False,False,False,True,False,True,False,False,True,False,False,False,True,1
1,1,15,1,1,1,4,4,1,2,1,1,1,0,1,0,1,1,0,4,4,4,1,1,3,2,False,False,True,False,False,False,False,True,False,True,False,False,False,0
1,1,17,1,1,1,4,4,1,3,0,0,1,1,1,1,1,1,0,5,4,4,1,3,4,7,False,False,False,True,False,False,True,False,False,False,False,True,False,0
1,0,15,1,1,1,4,4,2,2,0,0,1,0,1,1,1,1,0,4,3,1,1,1,5,0,False,False,True,False,False,False,True,False,False,False,True,True,False,1
1,1,17,0,0,1,3,1,2,4,0,0,1,1,0,1,1,0,0,3,1,2,1,1,3,6,False,False,True,False,False,True,False,False,False,False,True,True,False,1
1,0,16,1,0,1,4,2,1,2,0,0,0,0,1,1,1,1,0,4,5,1,1,3,5,2,False,False,False,True,False,True,False,False,False,False,False,True,False,1
1,1,19,1,0,1,1,2,1,2,1,0,0,0,1,0,1,0,1,4,2,4,2,2,3,0,False,False,True,False,False,False,True,False,True,False,False,False,True,0
0,1,20,1,1,1,4,2,2,3,2,0,1,1,0,0,1,1,1,5,4,3,1,1,3,4,True,False,False,False,False,True,False,False,False,False,False,False,True,1
1,1,17,1,1,1,1,1,1,3,0,0,1,1,0,1,1,1,0,4,3,3,1,1,3,6,False,False,True,False,False,False,False,True,False,False,True,True,False,1
0,0,20,1,0,0,2,2,1,2,2,0,1,1,0,1,1,0,0,5,5,4,4,5,4,11,False,False,True,False,False,False,True,False,False,False,False,False,True,0
1,1,15,0,1,1,3,4,2,3,2,0,1,0,0,1,1,1,1,4,2,2,2,2,5,0,False,False,True,False,False,False,False,True,False,False,False,False,False,0
1,1,17,0,0,1,2,2,1,3,0,0,1,1,1,1,1,1,0,3,3,2,2,2,3,3,False,False,True,False,False,False,True,False,False,False,False,True,False,1
1,1,17,1,1,0,2,1,2,3,0,0,0,0,1,1,1,1,1,3,2,3,1,2,3,10,False,True,False,False,False,True,False,False,False,False,False,True,False,1
1,1,16,1,1,1,3,3,1,2,0,1,1,1,1,1,1,1,0,4,3,3,2,4,5,54,False,True,False,False,False,False,True,False,True,False,False,True,False,1
1,1,16,1,1,1,4,3,1,3,0,1,1,1,0,1,1,1,0,5,3,5,1,1,3,0,False,True,False,False,False,False,False,False,False,False,False,True,False,0
1,0,17,1,0,1,4,3,2,2,0,0,0,1,1,1,1,1,0,4,4,4,4,4,4,4,False,False,False,True,False,True,False,False,False,False,False,True,False,0
1,0,15,0,1,1,4,3,1,2,0,0,1,0,1,1,1,1,1,4,5,2,1,1,5,0,False,False,False,True,False,False,False,False,False,False,False,True,False,1
1,1,17,0,1,0,3,2,1,2,0,0,1,1,0,1,1,1,0,4,3,3,2,3,2,4,False,True,False,False,False,True,False,False,True,False,False,True,False,1
1,0,16,1,1,1,4,4,1,2,0,0,1,1,1,1,1,1,1,4,4,5,5,5,5,16,False,False,False,True,False,False,False,True,True,False,False,True,False,1
1,0,15,1,0,0,3,2,1,2,0,0,1,1,0,1,1,1,0,4,2,2,1,1,1,0,False,False,True,False,False,True,False,False,True,False,False,True,False,1
1,0,18,1,1,1,2,2,2,2,0,0,1,1,0,1,1,1,0,3,3,3,5,5,4,0,False,True,False,False,False,True,False,False,True,False,False,True,False,1
1,0,16,1,1,1,3,2,2,1,1,0,1,0,1,0,0,0,0,4,5,2,1,1,2,16,False,False,True,False,False,False,True,False,False,False,False,True,False,1
0,0,18,0,1,1,2,1,2,1,0,0,0,0,1,0,1,1,1,4,4,3,1,3,5,5,False,True,False,False,False,True,False,False,False,True,False,True,False,0
1,1,15,0,1,1,1,1,1,2,2,1,1,0,0,0,1,1,1,3,3,4,2,4,5,2,False,True,False,False,False,True,False,False,False,False,True,True,False,0
1,1,17,1,1,1,4,3,1,3,0,0,1,1,0,1,1,1,0,4,2,2,1,2,3,0,True,False,False,False,False,False,True,False,False,False,True,True,False,1
1,0,17,1,1,1,2,3,2,1,0,0,0,0,0,1,1,1,0,5,2,2,1,1,2,4,False,True,False,False,False,True,False,False,False,False,False,False,False,1
1,0,16,1,0,1,4,3,1,1,0,0,0,0,1,0,1,1,0,5,4,5,1,1,3,0,False,False,False,True,False,True,False,False,False,False,False,True,False,0
1,1,16,1,1,1,2,2,1,4,0,0,0,1,0,1,1,1,1,5,2,3,1,3,3,0,False,True,False,False,False,True,False,False,False,False,True,True,False,1
1,1,15,0,0,1,3,1,2,4,0,0,1,0,0,0,1,1,0,4,4,2,2,3,3,12,False,True,False,False,False,True,False,False,False,False,True,False,False,1
1,1,16,1,1,1,2,3,1,2,0,0,0,0,0,1,1,1,0,4,3,3,1,1,2,10,False,False,True,False,False,False,True,False,False,False,False,True,False,1
1,1,18,0,1,0,3,2,2,2,0,0,0,0,0,0,0,1,1,4,1,1,1,1,5,75,False,True,False,False,False,False,True,False,True,False,False,True,False,0
1,0,15,0,1,1,4,4,4,4,0,0,1,1,1,1,1,1,1,1,3,5,3,5,1,6,False,True,False,False,False,True,False,False,True,False,False,False,False,1
1,1,16,1,1,1,2,3,1,2,0,1,0,0,0,1,1,1,0,2,3,1,1,1,3,2,False,False,True,False,False,False,False,True,False,True,False,True,False,1
1,0,19,1,1,1,1,2,1,2,1,0,0,0,0,0,1,1,0,4,5,2,2,2,4,3,False,True,False,False,False,False,True,False,False,False,False,False,True,1
1,1,16,0,1,1,4,4,1,2,0,0,1,0,1,1,1,0,0,2,4,4,2,3,4,6,True,False,False,False,False,False,False,True,False,True,False,True,False,1
1,0,17,1,1,1,3,3,1,1,0,0,0,0,1,0,1,1,0,4,3,5,3,5,5,3,False,True,False,False,False,False,True,False,False,False,True,True,False,1
1,1,16,1,1,1,4,3,1,2,0,0,1,0,1,1,1,1,0,4,3,5,1,5,2,2,True,False,False,False,False,True,False,False,True,False,False,True,False,1
1,1,15,1,1,1,4,4,1,1,0,1,1,1,0,1,1,1,0,3,3,4,2,3,5,0,False,False,True,False,False,False,True,False,False,False,False,True,False,1
1,0,16,0,1,1,4,3,2,1,0,1,1,0,1,0,1,1,0,3,3,3,1,1,4,2,False,False,True,False,False,True,False,False,False,False,True,True,False,1
1,1,17,1,1,1,3,4,1,3,1,0,1,1,0,1,1,1,1,4,4,3,3,4,5,28,False,False,False,False,False,False,True,False,True,False,False,True,False,0
1,0,15,1,0,1,2,2,2,2,0,0,0,1,1,1,1,1,0,5,3,3,1,3,4,4,False,False,True,False,False,False,True,False,True,False,False,True,False,1
1,0,15,0,1,1,2,1,1,2,0,0,0,0,1,1,1,1,1,5,4,2,1,1,5,8,True,False,False,False,False,False,True,False,False,False,True,True,False,0
1,0,16,1,1,1,4,4,1,3,0,0,1,0,1,1,1,1,1,4,4,3,1,1,4,0,False,False,True,False,False,False,False,True,False,True,False,False,False,1
1,1,16,1,1,1,1,3,1,2,3,0,0,0,1,0,1,1,1,4,3,5,1,1,3,0,False,False,False,False,False,False,True,False,True,False,False,True,False,0
1,0,17,1,0,1,4,4,1,2,0,0,1,1,1,1,1,1,0,4,4,4,1,3,5,0,False,False,False,True,False,True,False,False,False,False,True,True,False,1
1,1,15,1,0,0,4,3,1,2,0,1,1,1,1,1,1,1,1,5,2,2,1,1,5,8,False,True,False,False,False,True,False,False,False,False,False,True,False,0
1,0,15,1,1,1,4,3,1,2,0,0,0,0,0,1,1,1,0,4,4,1,1,1,1,0,False,False,False,True,False,True,False,False,False,False,True,True,False,1
0,0,18,0,0,1,1,2,3,1,0,0,1,1,1,1,0,1,1,4,3,3,2,3,3,3,False,False,False,False,False,False,True,False,False,True,False,False,False,1
1,0,16,0,1,1,2,2,3,1,0,0,0,0,0,0,1,0,0,4,2,2,1,2,3,2,False,False,False,False,False,True,False,False,False,False,False,True,False,1
1,1,17,1,1,1,4,4,2,3,0,0,1,1,0,0,1,1,1,4,3,3,1,2,4,4,False,False,False,True,False,False,False,True,False,False,False,True,False,1
1,0,17,1,1,1,3,3,1,2,0,0,0,0,1,0,1,1,0,4,3,4,1,4,4,4,False,True,False,False,False,True,False,False,False,False,True,False,False,0
1,1,17,1,1,1,1,1,1,2,0,0,1,1,0,0,1,0,0,4,4,4,1,3,1,4,False,True,False,False,False,True,False,False,False,False,False,True,False,1
1,1,16,1,0,1,2,2,3,2,0,0,1,1,0,1,1,1,0,4,3,3,2,3,4,2,False,False,True,False,False,False,True,False,False,False,False,True,False,1
0,0,19,0,1,1,1,1,3,1,1,0,1,0,0,1,1,1,0,4,4,4,3,3,5,4,False,True,False,False,False,True,False,False,True,False,False,False,True,0
0,1,18,0,1,1,1,1,4,3,0,0,0,0,0,1,1,1,0,4,3,2,1,2,4,2,False,True,False,False,False,True,False,False,True,False,False,True,False,1
1,1,18,0,0,1,1,1,2,4,0,0,1,1,1,1,1,0,0,5,2,2,1,1,3,1,False,False,False,False,False,True,False,False,False,False,True,True,False,1
1,0,16,1,0,1,1,2,2,1,1,0,0,0,1,1,1,0,0,4,4,4,2,4,5,0,False,True,False,False,False,True,False,False,False,False,False,True,False,0
1,1,18,1,0,1,4,3,2,2,0,0,1,1,0,1,1,1,1,4,4,5,1,2,2,10,False,True,False,False,False,True,False,False,True,False,False,False,True,0
1,0,18,1,0,1,2,2,1,4,0,0,1,0,1,1,1,1,0,4,5,5,2,4,5,2,False,True,False,False,False,True,False,False,False,False,False,True,False,0
1,1,17,0,0,1,4,4,1,1,0,0,1,1,0,1,1,0,0,5,2,1,1,2,3,12,False,False,True,False,False,True,False,False,False,True,False,True,False,1
1,0,16,1,1,1,1,2,1,1,0,0,1,1,1,1,1,1,1,3,3,3,1,2,3,2,False,False,True,False,False,False,True,False,False,True,False,True,False,1
0,0,21,0,1,1,1,1,1,1,3,0,0,0,0,0,1,0,0,5,5,3,3,3,3,3,False,True,False,False,False,True,False,False,False,False,False,False,True,0
1,0,15,1,1,1,4,4,2,2,0,0,1,0,1,1,1,0,0,4,4,3,1,1,2,2,False,True,False,False,False,False,False,True,False,False,True,False,False,1
1,1,17,0,1,1,2,1,3,2,0,0,0,0,1,1,1,0,0,2,1,1,1,1,3,2,False,False,False,False,False,False,True,False,False,False,False,True,False,1
1,1,17,1,1,1,1,1,1,3,1,0,1,0,1,1,1,0,1,4,3,4,1,1,5,0,False,False,False,False,False,True,False,False,False,False,True,True,False,0
1,1,17,1,1,1,2,2,1,2,0,0,1,0,0,0,1,1,0,5,4,5,1,2,5,4,False,True,False,False,False,True,False,False,False,False,False,True,False,1
1,0,16,1,0,1,1,1,1,2,1,0,0,0,0,1,1,0,1,4,4,4,1,3,5,0,False,False,True,False,False,True,False,False,False,False,False,True,False,1
1,1,17,1,1,1,2,2,1,3,0,0,1,1,1,1,1,1,0,4,3,3,1,1,4,4,False,False,False,False,False,False,False,False,False,False,False,True,False,1
0,1,18,1,0,1,3,1,1,2,0,0,1,1,0,1,1,1,0,4,3,4,1,1,1,0,False,False,False,True,False,False,True,False,False,False,False,True,False,0
1,1,17,1,0,1,2,4,1,2,0,0,0,0,1,1,1,1,1,4,3,2,1,1,5,0,False,False,True,False,False,False,True,False,False,False,False,False,False,1
0,1,18,0,0,1,4,4,2,3,0,0,0,0,0,1,1,1,0,5,4,4,1,1,1,0,False,True,False,False,False,True,False,False,False,False,True,True,False,1
0,1,17,0,1,1,1,1,3,1,1,0,1,1,0,1,1,1,1,5,2,1,1,2,1,0,False,True,False,False,False,False,True,False,False,False,True,True,False,0
1,1,16,1,0,0,3,3,1,2,0,0,1,0,0,1,1,1,0,2,3,5,1,4,3,12,False,True,False,False,False,False,True,False,True,False,False,True,False,1
1,0,16,1,1,1,4,4,1,1,0,0,0,0,1,1,1,1,0,5,3,2,1,2,5,0,False,False,True,False,False,False,True,False,False,False,False,True,False,1
1,0,17,1,0,1,2,2,1,2,0,0,0,1,1,0,1,1,1,4,4,2,5,5,4,4,False,True,False,False,False,True,False,False,True,False,False,False,False,1
1,1,18,1,1,1,3,2,1,3,0,0,0,0,0,1,1,1,1,5,4,3,2,3,1,7,False,True,False,False,False,False,True,False,False,True,False,True,False,1
1,0,18,0,0,0,3,4,2,2,0,0,1,1,1,1,1,1,0,4,2,5,3,4,1,13,False,True,False,False,False,True,False,False,False,False,True,True,False,1
1,0,18,1,1,1,2,1,1,1,1,0,0,0,0,0,0,1,0,3,2,5,2,5,5,4,False,False,True,False,False,False,True,False,False,True,False,True,False,0
1,0,16,0,0,1,3,3,3,1,0,0,1,1,1,1,1,1,0,3,3,4,3,5,3,8,False,False,False,True,False,True,False,False,True,False,False,False,False,1
0,0,19,0,1,1,1,1,3,2,3,0,0,0,0,1,1,1,0,5,4,4,3,3,2,8,False,True,False,False,False,False,True,False,True,False,False,False,True,0
